"sentence_id2","text","text_eng","llama3_1_zs","pop_handcoding","llama3_1_fs","mistral_7_zs","mistral_7_fs"
10022,"È proprio in nome dell’affarismo in sanità , sostenuto dal più rilevante sistema lobbystico mondiale , che si negano risorse necessarie per la cronicità e disabilità , per la prevenzione , la riabilitazione , il territorio e l’assistenza domiciliare integrata e si preferisce riversare ogni costo sulla famiglia e sulle donne in particolare ( le prime vittime di questo sistema iniquo e ingiusto ) che figlie , mamme e lavoratrici si industriano a svolgere , alla bisogna e nell'abbandono totale , anche il lavoro di assistente domiciliare , infermiere , psicologo ecc .","It is precisely in the name of habit in healthcare, supported by the most relevant world lobby system, that necessary resources are denying for chronicity and disability, for prevention, rehabilitation, territory and integrated home care and it is preferred to pour all costs on the family and women in particular (the first victims of this unfair and unjust system) that daughters, mothers and workers are industrically industrically held, Even the work of home assistant, nurse, psychologist etc.","populist","populist","populist","populist","populist"
603,"È fuori di dubbio che l’università con il “ sistema del 3 più 2 si è licealizzata , chiudendosi in una netta divisione dei saperi che l’ha condotta a specialisti e microspecialismi , buoni solo per garantire cattedre e rendite assicurate al sistema di gestione attuale .","It is out of doubt that the university with the ""System of 3 plus 2 has high school, closing itself in a clear division of knowledge that led it to specialists and microspeialisms, good only to guarantee chairs and income insured to the current management system.","populist","populist","populist","non-populist","non-populist"
6369,"Negli ultimi 10 anni quasi 170 miliardi di incentivi per il mercato delle rinnovabili è finito nelle tasche di aziende cinesi .","In the last 10 years almost 170 billion incentives for the renewable market has ended up in the pockets of Chinese companies.","populist","non-populist","non-populist","non-populist","non-populist"
895,"Le condizioni imposte in cambio dell’accesso a pacchetti di aiuto da parte della BCE hanno inoltre contribuito a precipitare milioni di persone nella spirale drammatica della povertà e dell’esclusione sociale .","The conditions imposed in exchange for access to help from the ECB have also contributed to falling millions of people in the dramatic spiral of poverty and social exclusion.","non-populist","populist","non-populist","non-populist","non-populist"
9810,"Si tratta di un ricatto per imporre politiche economiche fallite e fallimentari che arricchiscono lobby e corporazioni finanziarie a danno di diritti e Costituzioni nazionali .","It is a blackmail to impose bankrupt and bankruptcy economic policies that enrich the lobbies and financial corporations to the detriment of national rights and constitutions.","populist","populist","populist","populist","populist"
691,"Siamo l’unico paese in Europa in cui la “ libertà di coscienza ” , in particolare quella ipocrita dei legislatori , è diventata lo strumento di alcuni per impedire la libertà di altri .","We are the only country in Europe where the ""freedom of consciousness"", in particular the hypocritical one of legislators, has become the tool of some to prevent the freedom of others.","populist","non-populist","populist","populist","populist"
10512,"Purtroppo il nostro bilancio e quindi la nostra possibilità di spesa è stata vincolata a parametri numerici inseriti nei Trattati Europei , che non tengono minimamente conto delle priorità sociali , si limitano a evidenziare l'esigenza di rispettare i numeri senza una spiegazione economica e ancor meno razionale .","Unfortunately, our budget and therefore our possibility of expenditure has been bound to numerical parameters included in the European treaties, which do not take into account the social priorities in the least, they just highlight the need to respect the numbers without an economic explanation and even less rational explanation.","non-populist","non-populist","non-populist","non-populist","non-populist"
6825,"Nel nostro sistema attuale è stato possibile cedere progressivamente quote di sovranità alle istituzioni europee senza che i cittadini siano stati chiamati a dire la loro !","In our current system it was possible to progressively transfer shares of sovereignty to European institutions without citizens having been called to say theirs!","populist","populist","populist","populist","populist"
916,"Oggi siamo noi i protagonisti del cambiamento e ne sentiamo la responsabilità .","Today we are the protagonists of the change and we feel responsibility for it.","populist","non-populist","populist","populist","populist"
8959,"Dunque , è necessario oggi separare i destini dei nostri risparmi e dei nostri depositi dalle perversioni degli speculatori che giocano con oscillazioni e volatilità dell’economia di carta .","Therefore, it is necessary today to separate the destinies of our savings and our deposits from the perversions of the speculators who play with oscillations and volatility of the paper economy.","populist","populist","populist","populist","non-populist"
20,"PER UN’EUROPA DEI DIRITTI CONTRO L’EUROPA DELLE OLIGARCHIE ECONOMICHE E FINANZIARIE L'Europa della moneta , della finanza e delle banche ha fallito .","For a Europe of rights against Europe of economic and financial oligarchies, Europe of currency, finance and banks has failed.","populist","populist","populist","populist","populist"
3530,"Il Parlamento non rappresenta più i cittadini che non possono scegliere il candidato , ma solo il simbolo del partito .","Parliament no longer represents citizens who cannot choose the candidate, but only the party symbol.","populist","populist","populist","populist","populist"
7766,"Come evidenziato , ogni anno vengono stanziati nuovi fondi , ma invece di migliorare la situazione peggiora , perché per i gestori evidentemente questo è diventato un business , una nuova speculazione per avere ritorni assicurati e non saranno nuovi commissari straordinari a poter risolvere il problema .","As highlighted, new funds are allocated every year, but instead of improving the situation worsens, because for the managers this has evidently become a business, a new speculation to have insured returns and they will not be new extraordinary commissioners to be able to solve the problem.","populist","populist","populist","populist","populist"
611,"Di fatto si sono semplicemente privatizzate le istituzioni del sapere , tanto nella governance quanto nella valutazione .","In fact, the institutions of knowledge have simply privatized, both in governance and in the evaluation.","non-populist","non-populist","non-populist","non-populist","non-populist"
3155,"Eigenverantwortung / Eigeninitiative Der ruf nach einem Abbau der Bürokratie und mehr Bürgerbeteiligung wird immer lauter .","EigenverantWortung / eigeninitiva der Ruf Nach Einem Abbau der Bürokratie Ued Mehr BürgeRbeteiligung Wird Immer Lauter.","non-populist","non-populist",NA,"populist","non-populist"
11094,"Da ultimo la riforma di Renzi è riuscita nell’impresa di peggiorare l’esistente rendendo la Rai non solo il terreno di spartizione dei partiti , ma prima di tutto il feudo del Governo .","Lastly, Renzi's reform managed to worsen the existing one making Rai not only the parties' division of the parties, but first of all the government fiefdom.","populist","populist","populist","populist","non-populist"
10013,"Il MoVimento 5 Stelle vuole rivoluzionare il paradigma che lega la tutela della salute alla sostenibilità economica del nostro sistema sanitario e ritiene che la chiave di volta sia da un lato un’efficace lotta alla corruzione , agli sprechi , alle inefficienze e dall’altro eliminare tutte quelle storture legislative e gestionali che alimentano tale spreco di risorse senza in realtà rispondere ai bisogni di salute dei cittadini Incidere sulla corruzione significa promuovere l’esatto contrario : investimenti in salute e di civiltà .","The 5 Star Movement wants to revolutionize the paradigm that binds the protection of health to the economic sustainability of our health system and believes that the key to the one side is an effective fight against corruption, waste, inefficiencies and on the other hand eliminating all those legislative and management distortions that feed this waste of resources without actually responding to the health needs of citizens to affect corruption means promoting the exact opposite: investments in health.","non-populist","populist","populist","populist","populist"
1020,"Non si esce dalla crisi se chi ha di più non è chiamato a dare di più .","We do not leave the crisis if those who have more are not called to give more.","populist","non-populist","populist","populist","populist"
8749,"Quindi in completa antitesi con la nostra visione e di quella dei 27 milioni di cittadini che nel 2011 hanno votato Sì , non solo per l'acqua pubblica ma anche contro la privatizzazione di tutti i servizi essenziali ( a volte è bene ricordarlo ! ) .","So in complete antithesis with our vision and that of the 27 million citizens who in 2011 voted yes, not only for public water but also against the privatization of all essential services (sometimes it is good to remember it!).","populist","populist","populist","populist","populist"
352,"L'immobilismo di Berlusconi e il falso movimento di Monti Di fronte al proliferare degli scandali e alle proteste per i privilegi dei politici e gli sprechi della politica Berlusconi e Monti hanno seguito strategie opposte per raggiungere il medesimo obiettivo .","The immobility of Berlusconi and the false movement of Monti in the face of the proliferation of scandals and protests for the privileges of politicians and the waste of the Berlusconi and Monti politics have followed opposite strategies to achieve the same goal.","non-populist","populist","populist","non-populist","non-populist"
10509,"403 Oggi il debito risulta pari a 2.250 miliardi di euro ed ha avuto una crescita tendenzialmente costante dai 1.358 miliardi del 2001 , nonostante non si vedano effetti sul benessere della collettività , proprio perché gran parte del debito è utilizzato per spesa improduttiva e per pagare interessi su debiti in parte illegittimi .","403 Today the debt is equal to 2,250 billion euros and had a tendentially constant growth from 1,358 billion in 2001, although there are no effects on the well -being of the community, precisely because much of the debt is used for unproductive expenditure and to pay interest on debts partly illegitimate.","populist","non-populist","non-populist","non-populist","non-populist"
7781,"Quindi in completa antitesi con la nostra visione dell'acqua comune a quella dei 27 milioni di cittadini che nel 2011 hanno votato “ Sì ” proprio per eliminare la possibilità di fare profitti sull'acqua .","So in complete antithesis with our vision of water common to that of the 27 million citizens who in 2011 voted ""yes"" precisely to eliminate the possibility of making profits on the water.","populist","populist","populist","populist","populist"
6813,"Allo stesso modo occorrerà intervenire su quelle prerogative parlamentari che oggi sottraggono deputati , senatori e ministri dall’applicazione della giustizia e alle regole che valgono per tutti i cittadini .","In the same way, it will be necessary to intervene on those parliamentary prerogatives that today subtract deputies, senators and ministers from the application of justice and the rules that apply to all citizens.","non-populist","populist","non-populist","populist","non-populist"
2928,"Politisches Gestalten darf nicht auf einige wenige beschränkt sein : Politik geht uns alle an !","PolitisChes Gestalten Darf Nicht Auf Einige Wenige Beschränkt Sein: Politik Geht Uns at the An!","populist","populist","populist","populist","non-populist"
2250,"Questo macigno è stato caricato da una generazione che ha banchettato con le risorse statali , alzandosi da tavola senza pagare il conto .","This boulder was loaded by a generation that banned with state resources, getting up from the table without paying the bill.","populist","populist","populist","populist","populist"
9,"Ha invece fornito oltre 1000 miliardi alle banche private al tasso dell ’ 1 % , mentre le stesse banche prestavano agli stati a tassi fino al 6 % , lucrando sulle differenze .","Instead, it provided over 1000 billion to private banks at the 1 % rate, while the banks themselves lent states to rates up to 6 %, making on the differences.","populist","populist","populist","populist","non-populist"
6045,"In tal senso non si dovrebbero assecondare i progetti di “ Stati Uniti d’Europa ” , che porterebbero alla cancellazione dell’individualità italiana , né tutti i passi intermedi che espropriano il Parlamento nazionale ( e dunque il popolo italiano ) di competenze fondamentali .","In this sense, the projects of the ""United States of Europe"" should not be followed, which would lead to the cancellation of Italian individuality, nor all the intermediate steps that expropria the national parliament (and therefore the Italian people) of fundamental skills.","populist","populist","populist","populist","populist"
6666,"Prodotto italiano e massa monetaria UE finiscono nelle tasche extra UE .","Italian product and EU monetary mass end up in the non -EU pockets.","populist","non-populist","populist","populist","non-populist"
27,"Se le centrali di potere europee hanno voluto il cambio della guardia non è perché il governo della destra si opponesse ai loro ordini ma perché ritenevano , a ragione , che un governo sedicente tecnico e non screditato come quello di Berlusconi sarebbe stato più efficiente nell'applicare quel diktat .","If the European power plants wanted the changing of the guard, it is not because the government of the right opposed to their orders but because they thought, rightly, that a self -styled technical and not discredited government like that of Berlusconi would have been more efficient in applying that diktat.","non-populist","populist","non-populist","non-populist","non-populist"
6476,"Il nostro mare , il Mediterraneo , è ricco di fauna ittica pregiata , purtroppo ormai per lo più sconosciuta ai consumatori Italiani poiché ai nostri pescatori è impedito di pescarla adducendo inesistenti pericoli di sopravvivenza della specie .","Our sea, the Mediterranean, is full of precious fish fauna, unfortunately now mostly unknown to Italian consumers since our fishermen is prevented from fishing by citing non -existent dangers of survival of the species.","populist","non-populist","non-populist","non-populist","non-populist"
1119,"Lentamente , è come se si fosse cercato , grazie anche un sistema dei media assai poco libero e indipendente , di minare la capacità di pensare degli italiani e di rendere normale ciò che , nei paesi avanzati , è semplicemente illegale .","Slowly, it is as if it had been searched, thanks also a very little free and independent system of the media for undermining the ability to think of Italians and making normal what, in advanced countries, is simply illegal.","populist","populist","populist","populist","populist"
10295,"Queste scuole garantiscono ai propri iscritti promozioni assicurate , svolgono esami di maturità facilitati , con commissari d’esame compiacenti e docenti precari disposti a sorvolare su gravi insufficienze pur di preservare l’incarico .","These schools guarantee their members insured promotions, carry out facilitated high school exams, with compliant examination commissioners and precarious teachers willing to fly over serious insufficiencies in order to preserve the assignment.","populist","non-populist","populist","non-populist","non-populist"
6755,"L’attuale situazione delle aree montane italiane è il paradigma degli effetti nefasti dell’assistenzialismo , declinato a livello nazionale , da nord a sud .","The current situation of the Italian mountain areas is the paradigm of the harmful effects of Assistanceism, declined at national level, from north to south.","populist","non-populist","non-populist","non-populist","non-populist"
4135,"NOI CON L’AGRICOLTURA #agricolturaitaliana - #prodottoinitalia 17 .","We with the agriculture #agricolturaitaliana - #prodottoinitalia 17.","populist","non-populist","populist","populist","non-populist"
11230,"Nel nostropaese si è scelto di affidare ai privati i più profittevoli .","In the Nostropaese we have chosen to entrust the most profitable private individuals.","populist","non-populist","non-populist","non-populist","non-populist"
9983,"Punto programmatico Il MoVimento 5 Stelle vuole tagliare gli anacronistici privilegi che , all’interno del sistema sindacale , hanno contribuito a creare situazioni da “ casta ” , completamente scollata dalla realtà del lavoro che cambia .","The programmatic point The 5 Star Movement wants to cut the anachronistic privileges which, within the trade union system, have contributed to creating situations from ""caste"", completely disclosed by the reality of the labor that changes.","populist","populist","populist","populist","populist"
4182,"ECONOMIA NOI CON I RISPARMIATORI #bancheresponsabili 45 .","Economy We with the #baniapererers responsible savers 45.","populist","non-populist","populist","populist","non-populist"
589,"Gruppi di potere interni sono stati consolidati , si è limitato l’accesso alla formazione con il forte aumento delle tasse , si è spostato il potere degli organi di indirizzo scientifico e politico democraticamente eletti ( come il Senato accademico e il Consiglio scientifico ) ad organi di mera gestione economica .","Interior power groups have been consolidated, access to training with the strong increase in taxes has been limited, the power of the democratically elected scientific and political guidelines (such as the Academic Senate and the Scientific Council) to bodies of mere economic management has been moved.","non-populist","non-populist","non-populist","non-populist","non-populist"
7466,"2.12 No ai conflitti di interesse : la gestione dei rifiuti deve essere nelle mani del Comune I dati in merito alla gestione della raccolta da parte dei Comuni sono molto interessanti e , grazie a quanto sta emergendo , sarà possibile porre fine al verminaio creato con società miste che mescolano pubblico e privato per avere facilità di assunzioni senza concorso e controllo del consenso politico , per essere meno tracciate dal punto di vista della struttura societária e per facilitare spartizione di dividendi non legati né mirati alla qualità del servizio e alla riduzione delle tariffe per cittadini e imprese .","2.12 NO to conflicts of interest: waste management must be in the hands of the Municipality the data regarding the management of the collection by the Municipalities are very interesting and, thanks to what is emerging, it will be possible to end the worm created with mixed companies that mix public and private for ease of hiring without competition and control of political consensus, to be less traced from the point of view of the company structure and to facilitate dividends not linked to dividends aimed at the quality of the service and the reduction of rates for citizens and businesses.","populist","populist","non-populist","non-populist","non-populist"
4129,"NOI CON L’ARTIGIANATO E LA MICRO IMPRESA #artigianatoitaliano - #madeinitaly 16 .","We with crafts and micro enterprise #artigianatoitaliano - #Madeinitaly 16.","populist","non-populist","populist","populist","non-populist"
1982,"Anche perché , negli ultimi quindici anni , nessuno di questi due obiettivi è stato raggiunto , consegnando dell’Italia al mondo una strana e deprimente immagine : quella di un Paese nel quale inaudite arretratezze da Terzo mondo convivono con scintillanti ricchezze da California !","Also because, in the last fifteen years, none of these two objectives have been achieved, delivering Italy to the world a strange and depressing image: that of a country where unheard of three -world backbones coexist with sparkling California wealth!","populist","non-populist","populist","populist","populist"
6715,"PUBBLICA AMMINISTRAZIONE : EFFICIENZA E DEBITI Lo Stato è al servizio del cittadino e non viceversa .","Public Administration: efficiency and debts The state is at the service of the citizen and not vice versa.","populist","populist","non-populist","populist","non-populist"
7815,"Infine il testo di Legge “ Piano Casa Lupi ” si rivolge , di fatto , a chi una casa già ce l’ha lasciando migliaia di famiglie in preda al libero mercato , con canoni insostenibili senza prevedere nessun reale e concreto e duraturo sostegno .","Finally, the text of the law ""Piano Casa Lupi"" is addressed, in fact, to those who already have a house, leaving thousands of families in the grip of free market, with unsustainable canons without predicting any real and concrete and lasting support.","populist","non-populist","populist","populist","populist"
2774,"Lo scopo fondamentale di un sistema democratico è far sì che il governo appartenga al popolo , e non il popolo al governo .","The fundamental purpose of a democratic system is to ensure that the government belongs to the people, and not the people in the government.","populist","populist","populist","populist","populist"
3087,"( Schule , Duale Ausbildung ) „ Ausverkauf der Heimat “ In einigen Südtiroler Gemeinden ist der Anteil an Zweitwohnungen von Provinzfremden im Lauf der Jahre eklatant angestiegen , während Einheimische zunehmend Schwierigkeiten haben , ein Eigenheim zu einigermaßen erschwinglichen Preisen zu erwerben .","(Schule, dual ausbildung) ""Ausverkauf der Heimat"" in Einigen Südtiroler Gemeinden ist der anteil an zweitwohnungen von Provinzfremden im lauf der jahre eklantant angestiegen, während einheimische zunehmend schwierigkeiten haben, ein eigenheim zu einigermaßen erschwinglichen preisen zu erwerben.","populist","non-populist","populist","populist","non-populist"
804,"Vogliamo dire basta a una giustizia tollerante fino all’impunità per i potenti , spietata per i migranti e gli emarginati .","We want to say enough to tolerant justice to impunity for the powerful, ruthless for migrants and marginalized.","populist","populist","populist","populist","populist"
1715,"I cittadini devono essere meno comprensivi verso la cattiva politica e i comportamenti non virtuosi di coloro che hanno responsabilità poltiiche , a tutti i livelli .","Citizens must be less comprehensive towards bad politics and the non -virtuous behaviors of those who have Poltiic responsibilities, at all levels.","populist","populist","populist","non-populist","non-populist"
5131,"Abbiamo cominciato a cancellare il fenomeno storico del precariato determinato da anni di cattiva gestione , soprattutto del centrodestra .","We began to erase the historical phenomenon of precariousness determined by years of poor management, especially of the center -right.","populist","non-populist","populist","non-populist","non-populist"
2776,"La prima è che molte leggi approvate dai Parlamenti non sono volute dalla maggioranza dei cittadini , ma sono il risultato della contrattazione tra gruppi di interesse .","The first is that many laws approved by parliaments did not want from the majority of citizens, but they are the result of the bargaining between interest groups.","populist","populist","populist","non-populist","non-populist"
161,"Per difendere la terra , e chi ci lavora e ci abita , dallo sfruttamento della grande distribuzione , dalle multinazionali dell'agroindustria e dall'agrofarma .","To defend the earth, and those who work and live there, from the exploitation of large retailers, from the multinationals of agro -industry and the agropharma.","populist","populist","populist","populist","populist"
7851,"La nostra proposta , istituendo il Fondo nazionale per l'autorecupero , permette la creazione dei gruppi di autorecupero , ovvero associazioni tra cittadini che hanno bisogno di un'abitazione , i quali , con il supporto del Comune in cui è situato l’immobile abbandonato e del Fondo per l’autorecupero possono prestare il proprio lavoro per il recupero di un immobile , ottenendo un comodato d'uso di 18 anni sull'immobile ristrutturato .","Our proposal, by establishing the National Fund for the self -come, allows the creation of self -hearing groups, or associations between citizens who need a home, which, with the support of the Municipality in which the abandoned property is located and of the autoncpeer fund can provide their work for the recovery of a property, obtaining an 18 -year -old loan of use on the renovated property.","non-populist","non-populist","non-populist","non-populist","non-populist"
10951,"Il pareggio di bilancio in Costituzione riduce infatti oltre ogni ragionevolezza i margini di manovra dei governi , impone politiche economiche restrittive .","In fact, the budget in constitution reduces the margins of maneuver of governments beyond all reasonableness, imposes restrictive economic policies.","non-populist","non-populist","non-populist","non-populist","non-populist"
9058,"In cosa consiste ?","What does it consist of?","non-populist","non-populist","non-populist","populist","non-populist"
427,"L’aumento dell’occupazione femminile è in grado di determinare un aumento del PIL fino al 7 % , come sostiene la Banca d’Italia .","The increase in female employment is able to determine an increase in GDP up to 7 %, as the Bank of Italy claims.","non-populist","non-populist","non-populist","non-populist","non-populist"
7209,"Per quanto attiene alla attuazione delle bonifiche è necessario fare riferimento a quanto indicato nella scheda ad hoc ad opera della senatrice Nugnes e quella del deputato Massimo De Rosa .","As regards the implementation of the reclamation, it is necessary to refer to what is indicated in the ad hoc card by Senator Nugnes and that of the deputy Massimo De Rosa.","non-populist","non-populist","non-populist","non-populist","non-populist"
4507,"OLTRE EQUITALIA : UNA PATENTE FISCALE E MENO PRELIEVI In un Paese che vuole essere inclusivo e garantire benessere a tutti , le tasse non possono essere eliminate , perché servono a redistribuire ricchezza e opportunità .","In addition to Equitalia: a tax license and less withdrawals in a country that wants to be inclusive and guarantee well -being for everyone, taxes cannot be eliminated, because they serve to redistribute wealth and opportunities.","non-populist","non-populist","non-populist","non-populist","non-populist"
3310,"Neben der Produk-tion hochwer tiger Lebensmittel spielt die Pflege der Natur - und Kulturlandschaft und die Förderung regionaler Wirtschaftskreisläufe ei-ne ganz besondere rolle .","NEBEN DER PRODUK-Tation Hochwer Tiger Lebensmittel Spielt Die Pflege Der Natur-Und KulturlandSchaft und die Fördderung Regionalr Wirtschaftskreisläufe E-Nego Ganz Besonde Rolle.","non-populist","non-populist","non-populist","non-populist","non-populist"
1915,"Si può prevedere , ad esempio , che su alcune materie di rilevante interesse nazionale , siano necessarie maggioranze qualificate .","For example, it can be provided that some qualified majorities are necessary on some subjects of significant national interest.","non-populist","non-populist","non-populist","non-populist","non-populist"
9792,"Russia : un dialogo da rilanciare con un partner strategico Le sanzioni e le conseguenti contromisure volute da Mosca hanno pesato sull'export italiano per 3.7 miliardi di euro nell'ultimo anno complicando , inoltre , ogni possibile forma di collaborazione in tema di lotta al terrorismo .","Russia: a dialogue to be relaunched with a strategic partner the sanctions and the consequent countermeasures desired by Moscow have weighed on Italian exports for 3.7 billion euros in the last year, moreover, complicating any possible form of collaboration on the fight against terrorism.","non-populist","non-populist","non-populist","non-populist","non-populist"
9897,"Il sacrosanto diritto a difendersi da imputazioni o pene ritenute ingiuste , in altre parole , non deve più essere un escamotage per ottenere ( senza possibili “ sanzioni ” pro-cessuali come una pena che può anche essere più pesante ) il maturarsi della prescrizione del reato .","The sacrosanct right to defend themselves from defendants or penalties considered unjust, in other words, must no longer be a trick to obtain (without possible pro-ancestors as a penalty that can also be heavier) the mature of the prescription of the crime.","non-populist","non-populist","non-populist","non-populist","non-populist"
3960,"Occorre avviare un processo serio per il riconoscimento delle professioni culturali e interventi per garantire la qualità e stabilità del lavoro .","It is necessary to start a serious process for the recognition of cultural professions and interventions to guarantee the quality and stability of the work.","non-populist","non-populist","non-populist","non-populist","non-populist"
9692,"In ogni caso , gli investimenti effettuati dovranno risultare convenienti , prevedendo tempi di ritorno ragionevoli che , di fatto , potranno ridurre il peso della componente energia sul reddito .","In any case, the investments made must be convenient, providing reasonable return times which, in fact, will be able to reduce the weight of the energy component on income.","non-populist","non-populist","non-populist","non-populist","non-populist"
2299,"Approvato nel 2000 , avrebbe dovuto difendere il cittadino per non farne un suddito ma , solo nel 2010 la fondazione dei commercialisti contava più di 400 violazioni .","Approved in 2000, the citizen was supposed to defend it in order not to make it a subject but, only in 2010 did the foundation of accountants count more than 400 violations.","populist","populist","non-populist","populist","non-populist"
1943,"In ogni caso le nuove sfide della globalizzazione , il ruolo della finanza , il governo dell’ecosistema , la lotta al terrorismo e le politiche di sicurezza , la tutela dei diritti umani , i limiti e gli sviluppi delle biotecnologie , l’allarme povertà , richiedono la definizione di una nuova Carta dei diritti e dei doveri del XXI secolo da far sottoscrivere alle principali potenze , per condividere alcuni valori di fondo nella governance del pianeta .","In any case, the new challenges of globalization, the role of finance, the government of the ecosystem, the fight against terrorism and security policies, the protection of human rights, the limits and developments of biotechnology, the poverty alarm, require the definition of a new card of rights and duties of the 21st century to be subscribed to the main powers, to share some basic values ​​in the governance of the planet.","non-populist","non-populist","non-populist","non-populist","non-populist"
7187,"Decreto Legge convertito con modificazioni dalla L . 6 febbraio 2014 , n . 6 ( in G.U . 8 / 2 / 2014 , n .","Decree law converted with modifications from l. February 6, 2014, n. 6 (in G.U. 8/2/2014, n.","non-populist","non-populist","non-populist","populist","non-populist"
7253,"Infatti – come rilevato anche nella relazione finale dell’attività svolta dalla Commissione parlamentare d’inchiesta in XVI Legislatura - in alcune regioni , le tradizionali organizzazioni criminali , esistenti sul territorio , si sono presentate , modificando la propria originaria natura , come fornitrici di un servizio illecito all’impresa finalizzato all’abbattimento dei suoi costi nel libero mercato .","In fact - as also noted in the final report of the activity carried out by the Parliamentary Commission of Inquiry in the 16th legislature - in some regions, the traditional criminal organizations, existing in the area, have presented themselves, modifying their original nature, as suppliers of an illegal service to the company aimed at reducing its costs in the free market.","non-populist","non-populist","non-populist","non-populist","non-populist"
10451,"La crescita del numero di oggetti intelligenti e interconnessi è esponenziale e si manifesta nella domotica ( termostati , impianti di riscaldamento e refrigerazione , elettrodomestici ) come nell'agricoltura ( sensoristica per l'analisi del suolo , sistemi di irrigazione ) , nell'organizzazione di una città ( servizi al cittadino , trasporto pubblico locale , illuminazione ) come nella produzione industriale ( robotica per manifattura , logistica ) .","The growth of the number of intelligent and interconnected objects is exponential and manifests itself in home automation (thermostats, heating and refrigeration systems, appliances) as in agriculture (sensor for land analysis, irrigation systems), in the organization of a city (citizen services, local public transport, lighting) as in industrial production (robotics for manufacturing, logistics).","non-populist","non-populist","non-populist","non-populist","non-populist"
5166,"Per la prossima legislatura , ci impegniamo lungo queste linee di intervento .","For the next legislature, we engage along these lines of intervention.","non-populist","non-populist","non-populist","non-populist","non-populist"
3019,"Wir verstehen darunter aber keineswegs die Schaffung von neuen Grenzen auf dem Papier oder in den Köpfen , sondern die Begegnung zwischen den Menschen .","Wir Verstehen Darunter ABER KEINESWEGS Die Schaffung von Neuen Grenzen Auf dem Papier Oder in Den Köpfen, Sondern Die Begegnung Zwischen Den Menschen.","non-populist","non-populist",NA,"non-populist","non-populist"
9200,"Dopo il recupero nei due anni successivi , la richiesta di elettricità è tornata a scendere fino a 310 TWh ( 26,7 Mtep ) del 2014 .","After the recovery in the following two years, the electricity request returned to drop to 310 TWH (26.7 mtep) of 2014.","non-populist","non-populist","non-populist","non-populist","non-populist"
9299,"In senso contrario è andato il settore terziario , che tuttora non ha recuperato l’efficienza perduta rispetto all’anno base , tradotta in un aumento di 5 Mtep dei consumi settoriali .","In the opposite direction, the tertiary sector went, which has not yet recovered the lost efficiency compared to the basic year, translated into an increase of 5 mtep of sectoral consumption.","non-populist","non-populist","non-populist","non-populist","non-populist"
4569,"Dobbiamo incidere con ancora più forza sulla riduzione del costo dell’energia per le imprese , con particolare riguardo a quelle piccole e medie , in linea con quanto fat-to con la recente revisione della normativa sulle imprese ad alti consumi elettrici , operando per ridurre le componenti fiscali e parafiscali che oggi gravano sulle bollette ed estendendo l’intervento anche ai consumi di gas .","We must affect with even more strength on the reduction of the cost of energy for companies, with particular regard to small and medium-sized ones, in line with what is done with the recent revision of the legislation on companies with high electrical consumption, operating to reduce the tax and parafiscal components that today weigh on the bills and extending the intervention also to gas consumption.","non-populist","non-populist","non-populist","non-populist","non-populist"
1015,"Non possiamo consentire né che si continui con l’arbitrio della condotta di aziende che discriminano i lavoratori , né che ci sia una rappresentanza sindacale che prescinda dal voto dei lavoratori sui contratti .","We cannot allow that we continue with the will of the conduct of companies that discriminate against workers, nor that there is a trade union representation that sends to the vote of workers on contracts.","non-populist","non-populist","populist","non-populist","non-populist"
267,"Vogliamo riportare subito il Fondo nazionale per il diritto allo studio ai livelli anteriori al 2008 e incrementarlo progressivamente per estendere la platea dei beneficiari .","We want to immediately report the National Fund for the right to study at levels prior to 2008 and gradually increase it to extend the audience of the beneficiaries.","non-populist","non-populist","non-populist","non-populist","non-populist"
4192,"Revisione dei meccanismi di valutazione dell’attività di accertamento per evitare la “ caccia indiscriminata ” al gettito ; 53 .","Review of the assessment of the assessment activity to avoid the ""indiscriminate hunting"" to revenue; 53.","non-populist","non-populist","non-populist","non-populist","non-populist"
9992,"Anzi .","On the contrary .",NA,"non-populist","non-populist","populist","non-populist"
2748,"Per questo servono : N . 1Nuova Cassa del Mezzogiorno .","For this they need: n. 1nuova Cassa del Mezzogiorno.","populist","non-populist","non-populist","populist","populist"
9875,"È importante allargare questo strumento ad una platea più vasta di reati , ed in particolare a quelli contro la pubblica amministrazione .","It is important to expand this tool to a larger audience of crimes, and in particular to those against the public administration.","non-populist","non-populist","non-populist","non-populist","non-populist"
1639,"O cercare di conservare il welfare state com’è , rassegnandoci a tagli e riduzioni di servizi per far fronte ad una spesa sempre crescente .","Or try to keep the welfare state as it is, resigning us to cuts and reductions of services to cope with an ever growing expense.","non-populist","non-populist","non-populist","non-populist","non-populist"
6111,"La trasformazione , da un ministero prettamente “ agricolo ” ad uno che possa abbracciare parte degli ambiti di azione dello Sviluppo Economico ( quelle legate all’agroalimentare ) potrebbe svolgere un ruolo importante per la promozione della parte del settore più virtuosa , quella che sceglie – nonostante le regole del mercato interno agevolino la delocalizzazione della produzione – di produrre e trasformare completamente in Italia , prevedendo per loro incentivi ( compatibilmente con le norme europee ) e coordinamento nell’attività di promozione ; in questo senso anche ogni nuova attività di promozione che volesse , da un punto di vista istituzionale , supportare una “ certificazione made in Italy ” potrebbe essere credibile , attenta ad evitare i tanti fallimenti estemporanei del passato e compatibile con le norme che regolano i prodotti di qualità .","The transformation, from a purely ""agricultural"" ministry to one who can embrace part of the areas of action of economic development (those related to agri -food) could play an important role for the promotion of the part of the most virtuous sector, the one he chooses - despite the rules of the internal market facilitates the delocalization of production - to produce and transform completely into Italy, providing for them incentives (compatibly with European standards) and coordination in the promotion; In this sense, even every new promotion activity that wanted, from an institutional point of view, to support a ""Made in Italy certification"" could be credible, careful to avoid the many impromptu failures of the past and compatible with the rules that regulate quality products.","non-populist","non-populist","non-populist","non-populist","non-populist"
4659,"Il tutto in un quadro di promozione e tutela della legalità , per sconfiggere le mafie e la corruzione .","All in a framework of promotion and protection of legality, to defeat the mafias and corruption.","populist","non-populist","non-populist","non-populist","non-populist"
11037,"Esiste l’Agid , istituita con il Governo Monti , un commissario straordinario all’innovazione sotto la Presidenza del Consiglio , nominato dal Governo Renzi che cerca di sopperire le mancanze di organico e di competenze dell’Agenzia , alcuni importanti compiti sono gestiti dall’Agcom , l’autorità indipendente che si occupa di telecomunicazioni , ed infine altri incarichi sono in mano a funzionari direttamente sotto la Presidenza del Consiglio dei Ministri e al Ministero per la Semplificazione e la Pubblica Amministrazione .","AGID exists, established with the Monti government, an extraordinary commissioner for innovation under the Presidency of the Council, appointed by the Renzi government who tries to make up for the shortcomings of organic and skills of the Agency, some important tasks are managed by AGCOM, the independent authority that deals with telecommunications, and finally other positions are in the hands of officials directly under the Presidency of the Council of Ministers and the Ministry for Simplification and the Public Administration.","non-populist","non-populist","non-populist","non-populist","non-populist"
7340,"I sei paesi membri che occupano i primi posti della classifica si distinguono per avere : tasse sul conferimento in discarica e / o divieti di smaltimento in discarica per alcuni materiali riciclabili . il sistema di tariffazione puntuale . l’applicazione di legislazioni di responsabilità estesa del produttore che assoggettano i produttori a pagare i costi economici generati dal ciclo di vita completo dei loro prodotti , fine vita incluso .","The six member countries that occupy the first places in the ranking are distinguished to have: taxes on the transfer to landfills and / or prohibitions of disposal in landfills for some recyclable materials. the punctual tariff system. The application of extended liability legislation of the manufacturer who subject the producers to pay the economic costs generated by the complete life cycle of their products, an end of life included.","non-populist","non-populist","non-populist","non-populist","non-populist"
5121,"Sostegno alla produzione e alla tutela contemporanea : proponiamo un Piano cultura 4.0 per le imprese culturali e creative che investono in innovazione tecnologica , con particolare attenzione alle aree ad alto tasso di abbandono scolastico e al Mezzogiorno .","Support for production and contemporary protection: we propose a 4.0 culture plan for cultural and creative enterprises that invest in technological innovation, with particular attention to areas with high rate of school abandonment and in the South.","non-populist","non-populist","non-populist","non-populist","non-populist"
9789,"L'Italia come ponte quindi .","Italy as a bridge then.","populist","non-populist","non-populist","populist","non-populist"
3315,"Lebensqualität setzt sichaus einer Vielzahl von Faktoren zu-sammen , darunter Bildung , Natur und Umwelt , Gesund-heit , Sozialleistungen , Be-rufschancen ( Arbeit ) , Wohnen und Wohlstand .","Lebensqualität Setzt Sichaus Einer Vielzahl von Faktoren Zu-Samen, Darunter Bildung, Natur Und Umwelt, Gesund-Heit, Sozialleistungen, Be-Rufschan (Arbeit), Wohnen und Wohlstand.","non-populist","non-populist","non-populist","non-populist","non-populist"
478,"Ci impegniamo a modificare questo indicatore e ad introdurre il Prodotto nazionale sapere e il Prodotto nazionale salute ( PNS ) come indicatori del futuro di una società .","We are committed to modifying this indicator and introducing the national product to know and the national health product (PNS) as indicators of the future of a company.","non-populist","non-populist","non-populist","non-populist","non-populist"
608,"Puntiamo per questo al ruolo unico della docenza e della ricerca , garantendo ai ricercatori assunti con contratti a termine di concorrere direttamente per l’assegnazione di fondi legati a progetti .","For this reason, we aim for the unique role of teaching and research, guaranteeing researchers hired with term contracts to contribute directly for the assignment of funds linked to projects.","non-populist","non-populist","non-populist","non-populist","non-populist"
47,"Secondo l’ultimo dato ufficiale disponibile l’economia sommersa , nel totale , ha toccato il 31,1 % del Pil ( 18,5 % del Pil dell’economia che fugge al fisco e il 12,6 % legata a chi fugge dalla legge per ragioni criminali ) e da allora la percentuale è certamente aumentata .","According to the last official data available, the submerged economy, in the total, touched 31.1 % of GDP (18.5 % of the GDP of the economy that flees to the tax authorities and 12.6 % linked to those who flee the law for criminal reasons) and since then the percentage has certainly increased.","populist","non-populist","non-populist","non-populist","non-populist"
9971,"Tutti devono essere elettori ed eleggibili .","Everyone must be voters and eligible.","non-populist","non-populist","non-populist","non-populist","non-populist"
5928,"GIOCO D’AZZARDO Si calcola che la “ spesa ” - termine tecnico per indicare l’ammontare delle perdite dei giocatori - sia pari a 19,5 miliardi .","Gambling is calculated that the ""shopping"" - technical term to indicate the amount of players' loss - is equal to 19.5 billion.","non-populist","non-populist","non-populist","non-populist","non-populist"
1768,"3 ) La questione dell’unità nazionale e del sistema delle autonomie , nell’incombente rischio di una nuova frattura storico-sociale tra Nord e Sud .","3) The question of the national unity and the system of autonomies, in the inclined risk of a new historical-social fracture between North and South.","non-populist","non-populist","non-populist","non-populist","non-populist"
4464,"Per questo , intendiamo allargare l’offerta pubblica di asili e riordinare il complicato sistema di sussidi per la famiglia oggi presente nel nostro Paese , affinché entrambi i genitori possano tornare tranquillamente al lavoro dopo la nascita dei figli .","For this, we intend to expand the public offer of kindergartens and reorder the complicated system of subsidies for the family present in our country today, so that both parents can return to work quietly after the birth of their children.","non-populist","non-populist","non-populist","non-populist","non-populist"
2731,"La prima cosa da fare è quindi una vera moratoria legislativa : per due anni basta nuove leggi !","The first thing to do is therefore a real legislative moratorium: for two years new laws are enough!","non-populist","non-populist","non-populist","populist","populist"
6753,"I minibot depositati sul proprio conto titoli potranno essere prelevati da subito senza spese in qualsiasi luogo d’Italia dai postamat delle Poste .","The minibots filed on their titles account may be taken immediately without expenses in any place of Italy by the post offices of the post office.","non-populist","non-populist","non-populist","non-populist","non-populist"
10058,"Non solo , avvieremo un processo di integrazione , eventualmente anche strutturale , tra il Ministero della Salute e il Ministero dell’Ambiente .","Not only that, we will start a process of integration, possibly also structural, between the Ministry of Health and the Ministry of the Environment.","non-populist","non-populist","non-populist","non-populist","non-populist"
8629,"Nata in origine come concessionaria di impianti di depurazione in Campania , è stata trasformata negli anni in uno strumento di gestione e consulenza delle politiche nazionali per i problemi idrici del paese , secondo l'indirizzo della L .","Originally born as a concessionaire of purification plants in Campania, it has been transformed over the years into a management and consultancy tool for national policies for the country's water problems, according to the address of the l.","non-populist","non-populist","non-populist","non-populist","non-populist"
592,"Invertire subito la rotta significa garantire la possibilità di formazione a tutti , cancellando il numero chiuso come metodo di accesso all’università .","Invert the route immediately means to guarantee the possibility of training to everyone, deleting the closed number as a method of access to the university.","populist","non-populist","non-populist","populist","populist"
4755,"È prioritario per il PD implementare nella sua completezza Casa Italia , mettendo a sistema e coordinamento tutte le norme esistenti e attuando una volta per tutte la messa in sicurezza di tutto il territorio nazionale , il patrimonio immobiliare pubblico e privato , culturale e socio economico .","It is a priority for the Democratic Party to implement in its completeness Casa Italia, putting all existing rules and coordination and coordination and implementing once and for all the safety of the whole national territory, the public and private, cultural and social real estate assets.","non-populist","non-populist","non-populist","non-populist","non-populist"
10101,"In queste classi , sovraffollate e poco sicure , diventa impossibile per gli insegnanti garantire a tutti gli alunni l’attenzione che meritano e una didattica incentrata sui bisogni formativi e sulle inclinazioni di ognuno .","In these classes, overcrowded and unwanted, it becomes impossible for teachers to guarantee all pupils the attention they deserve and a teaching focused on the training needs and inclinations of each one.","non-populist","non-populist","non-populist","non-populist","non-populist"
